{
  "USDCHF_execute_0.78013": 1776169155.9445481,
  "AUDUSD_execute_0.71250": 1776169160.313676,
  "GBPNZD_execute_2.30018": 1776169161.124182
}