{
  "EURUSD_execute_1.15876": 1774328943.322686,
  "AUDUSD_execute_0.69676": 1774331146.4340422,
  "EURUSD_execute_1.15862": 1774331146.5180008,
  "AUDUSD_execute_0.69693": 1774332163.877374,
  "EURUSD_execute_1.15873": 1774332163.9110541,
  "AUDUSD_execute_0.69872": 1774338453.3626869,
  "EURUSD_execute_1.16023": 1774338453.3954,
  "AUDUSD_execute_0.69871": 1774339242.259855,
  "AUDUSD_execute_0.69697": 1774342280.485138,
  "EURUSD_execute_1.15959": 1774342281.108711,
  "USDCHF_execute_0.78588": 1774343773.4709802,
  "GBPJPY_execute_212.79000": 1774375267.8519008,
  "GBPJPY_execute_212.73500": 1774375571.2161548,
  "GBPJPY_execute_212.75500": 1774375871.7901702,
  "USDCHF_execute_0.78791": 1774386982.348136,
  "NZDUSD_execute_0.58160": 1774428080.53552,
  "BTCUSD_execute_70775.35000": 1774470120.377337
}